id,first_name,last_name,email,department,role,phone_number,group
1,Owen,Davies,Owen.Davies@example.corp,Regulatory Affairs,Vice President of Technology,817-565-6530,Working Parents Group
2,Dev,Gantley,Dev.Gantley@example.corp,Corporate Development,Senior Software Engineer,163-548-8724,Young Professionals Network
3,Karel,Simondson,Karel.Simondson@example.corp,Business Operations,Customer Support Specialist,836-764-9877,Multicultural Employee Group
4,Estel,Jamison,Estel.Jamison@example.corp,Compensation & Benefits,Executive Assistant,527-105-7197,People with Disabilities Advocacy Group
5,Rivalee,Lindsell,Rivalee.Lindsell@example.corp,Contracts,Cloud Architect,895-144-7894,LGBTQ+ Alliance
6,Norrie,Orme,Norrie.Orme@example.corp,Product Marketing,Tax Specialist,391-638-1462,Allyship in Action Group
7,Hadrian,Castiblanco,Hadrian.Castiblanco@example.corp,Regulatory Affairs,Vice President of Corporate Strategy,392-151-0887,LGBTQ+ Alliance
8,Betty,Castano,Betty.Castano@example.corp,Corporate Governance,Vice President of Sales,421-920-4688,Veterans Network
9,Renato,Rosengart,Renato.Rosengart@example.corp,Client Success,Cybersecurity Analyst,937-436-6563,Asian Pacific Islander Heritage Group
10,Jasen,Ertel,Jasen.Ertel@example.corp,Financial Planning & Analysis (FP&A),AI/ML Engineer,709-995-3345,Mental Health & Wellness Community
11,Innis,Hawksworth,Innis.Hawksworth@example.corp,Quality Assurance,Office Manager,696-426-4556,Young Professionals Network
12,Hendrika,Greedier,Hendrika.Greedier@example.corp,Strategic Planning,Product Research Analyst,637-858-2104,Mental Health & Wellness Community
13,Bard,Geggus,Bard.Geggus@example.corp,Treasury,Contracts Manager,566-539-8993,People with Disabilities Advocacy Group
14,Jory,Jacmar,Jory.Jacmar@example.corp,Digital Marketing,Wealth Management Advisor,372-993-6119,Asian Pacific Islander Heritage Group
15,Sheela,Sloat,Sheela.Sloat@example.corp,Product Development,Customer Service Manager,777-719-9650,Young Professionals Network
16,Ahmad,Consterdine,Ahmad.Consterdine@example.corp,Market Testing,Vice President of Finance,863-771-8760,Multicultural Employee Group
17,Van,Boulder,Van.Boulder@example.corp,Wealth Management,Digital Marketing Specialist,637-703-3340,Employee Resource Group (ERG) Leadership Committee
18,Melloney,Iddison,Melloney.Iddison@example.corp,IT Support,Chief Technology Officer (CTO),128-806-7706,Employee Resource Group (ERG) Leadership Committee
19,Alta,Cleminson,Alta.Cleminson@example.corp,Prototyping,Learning & Development Manager,593-845-2115,LGBTQ+ Alliance
20,Othelia,de Savery,Othelia.de Savery@example.corp,Client Success,System Administrator,543-715-1313,Mental Health & Wellness Community
21,Emlynn,Brimfield,Emlynn.Brimfield@example.corp,Corporate Finance,Finance Manager,966-820-7413,Black Professionals Network
22,Barr,Ciobutaru,Barr.Ciobutaru@example.corp,Corporate Development,Finance Manager,312-759-1610,Asian Pacific Islander Heritage Group
23,Cecilia,McCombe,Cecilia.McCombe@example.corp,Tax,Office Manager,116-703-6159,Women in Leadership Network
24,Ruprecht,Fidal,Ruprecht.Fidal@example.corp,Product Research,Investment Manager,289-519-7529,Young Professionals Network
25,Blinnie,Lockery,Blinnie.Lockery@example.corp,Competitive Analysis,Financial Analyst,160-297-1927,Sustainability & Environmental Justice Group
26,Berkly,Kauffman,Berkly.Kauffman@example.corp,Wealth Management,Senior Software Engineer,842-990-3973,Mental Health & Wellness Community
27,Norine,Feasley,Norine.Feasley@example.corp,Regulatory Affairs,Vice President of Marketing,678-702-5474,Women in Leadership Network
28,Banky,Jovey,Banky.Jovey@example.corp,Mergers & Acquisitions (M&A),Vice President of Marketing,224-879-9269,Veterans Network
29,Haslett,Bessant,Haslett.Bessant@example.corp,Competitive Analysis,Vice President of Operations,867-612-5859,Black Professionals Network
30,Silas,Jeeves,Silas.Jeeves@example.corp,Financial Planning & Analysis (FP&A),Mergers & Acquisitions Analyst,272-468-2829,Latinx Employee Resource Group
31,Stormy,Gun,Stormy.Gun@example.corp,Business Operations,Intellectual Property Attorney,871-872-7447,Allyship in Action Group
32,Em,Bubbins,Em.Bubbins@example.corp,Business Operations,Vice President of Finance,237-679-9998,Employee Resource Group (ERG) Leadership Committee
33,Jilly,Stodit,Jilly.Stodit@example.corp,Project Management,Marketing Manager,385-575-3082,Religious Diversity Network
34,Lind,Reckhouse,Lind.Reckhouse@example.corp,Regulatory Affairs,Sales Manager,505-717-8315,Working Parents Group
35,Burr,Lohmeyer,Burr.Lohmeyer@example.corp,Public Relations,Chief Operating Officer (COO),805-309-5275,LGBTQ+ Alliance
36,Andria,Abele,Andria.Abele@example.corp,Digital Marketing,Regulatory Affairs Specialist,731-881-0751,Veterans Network
37,Annadiana,Reary,Annadiana.Reary@example.corp,Competitive Analysis,SEO Specialist,984-853-0835,Employee Resource Group (ERG) Leadership Committee
38,Renaud,Cubin,Renaud.Cubin@example.corp,Account Management,Employee Relations Specialist,668-100-0614,Sustainability & Environmental Justice Group
39,Bernice,Kment,Bernice.Kment@example.corp,Treasury,Chief Information Security Officer (CISO),518-447-6528,Multicultural Employee Group
40,Fee,Poore,Fee.Poore@example.corp,Product Marketing,Employee Relations Specialist,685-374-9700,Working Parents Group
41,Dulce,Jude,Dulce.Jude@example.corp,Compliance,Public Relations Specialist,946-213-8189,Multicultural Employee Group
42,Lorri,Frome,Lorri.Frome@example.corp,Financial Planning & Analysis (FP&A),Client Success Manager,809-857-4625,Sustainability & Environmental Justice Group
43,Theodor,Clilverd,Theodor.Clilverd@example.corp,Software Engineering,Compliance Officer,854-681-2390,Allyship in Action Group
44,Torrance,Doctor,Torrance.Doctor@example.corp,Regulatory Affairs,Vice President of Finance,939-702-8092,Women in Leadership Network
45,Maria,Bursell,Maria.Bursell@example.corp,Business Operations,Technical Innovation Lead,505-111-5669,LGBTQ+ Alliance
46,Juana,MacAlester,Juana.MacAlester@example.corp,Market Research,Project Manager,244-485-6183,People with Disabilities Advocacy Group
47,Emlen,MacGow,Emlen.MacGow@example.corp,Corporate Development,Cloud Architect,885-454-5701,Young Professionals Network
48,Rosie,Springett,Rosie.Springett@example.corp,Client Success,Vice President of Finance,450-752-0334,Young Professionals Network
49,Hetty,Tesh,Hetty.Tesh@example.corp,Intellectual Property,Chief Operating Officer (COO),345-846-0172,Black Professionals Network
50,Lloyd,Casa,Lloyd.Casa@example.corp,Business Development,Regulatory Affairs Specialist,336-684-4443,Latinx Employee Resource Group
51,Frederique,Beric,Frederique.Beric@example.corp,Market Research,Sales Manager,106-951-7574,Allyship in Action Group
52,Paxon,Conyers,Paxon.Conyers@example.corp,IT Support,Vice President of Human Resources,328-906-4618,Working Parents Group
53,Adan,Magenny,Adan.Magenny@example.corp,Client Success,Vice President of Sales,227-611-2138,Diversity & Inclusion Council
54,Rod,Cudbertson,Rod.Cudbertson@example.corp,Competitive Analysis,Brand Manager,942-558-9954,Women in Leadership Network
55,Reese,Dugan,Reese.Dugan@example.corp,Logistics & Supply Chain,Vice President of Technology,781-810-9330,Asian Pacific Islander Heritage Group
56,Marylynne,Iczokvitz,Marylynne.Iczokvitz@example.corp,Corporate Governance,Employee Relations Specialist,227-611-9700,Working Parents Group
57,Brew,Snalham,Brew.Snalham@example.corp,Quality Assurance,Project Manager,576-398-2438,People with Disabilities Advocacy Group
58,Lolly,Dinneen,Lolly.Dinneen@example.corp,Corporate Governance,Product Manager,310-949-6012,Black Professionals Network
59,Rica,Elloy,Rica.Elloy@example.corp,Corporate Governance,Chief Executive Officer (CEO),812-138-7580,Working Parents Group
60,Fulton,Torricina,Fulton.Torricina@example.corp,Enterprise Sales,Brand Manager,652-333-2720,Asian Pacific Islander Heritage Group
61,Albert,Scholer,Albert.Scholer@example.corp,Brand Management,Client Success Manager,336-414-2789,Sustainability & Environmental Justice Group
62,Hanni,Gorges,Hanni.Gorges@example.corp,IT Support,Chief Technology Officer (CTO),506-465-1057,Employee Resource Group (ERG) Leadership Committee
63,Sianna,Silverthorn,Sianna.Silverthorn@example.corp,Corporate Development,Vice President of Technology,508-153-8777,Latinx Employee Resource Group
64,Kriste,Kettridge,Kriste.Kettridge@example.corp,Market Testing,R&D Manager,880-543-4150,Women in Leadership Network
65,Karmen,MacCahee,Karmen.MacCahee@example.corp,Data Science & AI,Compensation & Benefits Analyst,185-728-4954,Asian Pacific Islander Heritage Group
66,Henry,Careless,Henry.Careless@example.corp,Corporate Governance,Brand Manager,520-611-5046,People with Disabilities Advocacy Group
67,Carolin,Withrington,Carolin.Withrington@example.corp,Client Success,Public Relations Specialist,583-783-9446,Women in Leadership Network
68,Brittani,Plesing,Brittani.Plesing@example.corp,Business Operations,Business Development Manager,202-422-4124,Sustainability & Environmental Justice Group
69,Kynthia,Jasper,Kynthia.Jasper@example.corp,Software Engineering,Brand Manager,801-572-5515,Asian Pacific Islander Heritage Group
70,Isaac,Gaiford,Isaac.Gaiford@example.corp,Compliance,Vice President of Corporate Strategy,596-583-2674,Working Parents Group
71,Wood,Tomkin,Wood.Tomkin@example.corp,Prototyping,DevOps Engineer,387-424-4273,Black Professionals Network
72,Gayel,Tourot,Gayel.Tourot@example.corp,Regulatory Affairs,Mergers & Acquisitions Analyst,766-639-4388,Women in Leadership Network
73,Esra,Rickell,Esra.Rickell@example.corp,Technical Innovation,Contracts Manager,351-704-8847,Black Professionals Network
74,Faunie,Menary,Faunie.Menary@example.corp,Compensation & Benefits,Corporate Lawyer,970-265-2021,Latinx Employee Resource Group
75,Denyse,Boissieux,Denyse.Boissieux@example.corp,Product Marketing,Customer Service Manager,124-795-1678,People with Disabilities Advocacy Group
76,Duke,Oakshott,Duke.Oakshott@example.corp,Data Science & AI,Vice President of Technology,714-111-8167,LGBTQ+ Alliance
77,Levon,Spindler,Levon.Spindler@example.corp,Product Development,Employee Relations Specialist,667-255-1734,Allyship in Action Group
78,Engracia,Whittock,Engracia.Whittock@example.corp,Digital Marketing,Executive Assistant,988-313-0544,Multicultural Employee Group
79,Sophey,McBlain,Sophey.McBlain@example.corp,Client Success,Customer Service Manager,906-841-4438,Religious Diversity Network
80,Tammy,Purselow,Tammy.Purselow@example.corp,Market Testing,Cloud Architect,769-902-6712,Veterans Network
81,Bethina,Hedderly,Bethina.Hedderly@example.corp,Product Marketing,DevOps Engineer,943-782-6675,Allyship in Action Group
82,Griselda,Ivankovic,Griselda.Ivankovic@example.corp,Cloud Infrastructure,Client Success Manager,920-106-4757,Veterans Network
83,Jenna,Sealand,Jenna.Sealand@example.corp,"Diversity, Equity, and Inclusion (DEI)",Marketing Manager,415-981-6093,Sustainability & Environmental Justice Group
84,Cathie,Osmar,Cathie.Osmar@example.corp,Treasury,Executive Assistant,844-482-2203,Veterans Network
85,Bernadine,Ricardet,Bernadine.Ricardet@example.corp,Recruitment,Public Relations Specialist,127-389-0198,People with Disabilities Advocacy Group
86,Adolphe,Klimashevich,Adolphe.Klimashevich@example.corp,Public Relations,Executive Assistant,743-394-6298,Women in Leadership Network
87,Seth,Wenzel,Seth.Wenzel@example.corp,Digital Marketing,Investment Manager,898-805-4853,Working Parents Group
88,Gina,Wardale,Gina.Wardale@example.corp,Business Operations,Wealth Management Advisor,721-592-1451,Employee Resource Group (ERG) Leadership Committee
89,Wendel,Marlow,Wendel.Marlow@example.corp,Tax,Financial Analyst,654-499-1945,Women in Leadership Network
90,Xenia,Cater,Xenia.Cater@example.corp,Business Development,Account Executive,503-629-3656,Women in Leadership Network
91,Gerrilee,Lowdham,Gerrilee.Lowdham@example.corp,Quality Assurance,Compliance Officer,894-957-1352,People with Disabilities Advocacy Group
92,Yul,Lamdin,Yul.Lamdin@example.corp,Business Development,Human Resources Manager,564-403-4314,Religious Diversity Network
93,Cairistiona,Batrim,Cairistiona.Batrim@example.corp,Mergers & Acquisitions (M&A),Mergers & Acquisitions Analyst,200-692-8280,Working Parents Group
94,Lebbie,Handsheart,Lebbie.Handsheart@example.corp,Risk Management,Chief Human Resources Officer (CHRO),263-484-3216,Allyship in Action Group
95,Libbi,Corgenvin,Libbi.Corgenvin@example.corp,Recruitment,Marketing Manager,250-924-8534,Veterans Network
96,Corey,Steiner,Corey.Steiner@example.corp,Product Marketing,Corporate Lawyer,422-312-5742,Sustainability & Environmental Justice Group
97,Errick,Heugle,Errick.Heugle@example.corp,Cybersecurity,Mergers & Acquisitions Analyst,720-399-8501,Black Professionals Network
98,Karen,DeSousa,Karen.DeSousa@example.corp,Business Operations,Marketing Manager,703-559-5016,Young Professionals Network
99,Almeda,Cawse,Almeda.Cawse@example.corp,Treasury,Brand Manager,100-580-8153,Young Professionals Network
100,Cathrin,Sirmon,Cathrin.Sirmon@example.corp,Account Management,Vice President of Operations,528-939-4146,Asian Pacific Islander Heritage Group
101,Filippo,McCritichie,Filippo.McCritichie@example.corp,Data Science & AI,Executive Assistant,923-725-4350,Women in Leadership Network
102,Ginger,Wintersgill,Ginger.Wintersgill@example.corp,Recruitment,Risk Analyst,741-935-2231,Working Parents Group
103,Tiphany,Moralis,Tiphany.Moralis@example.corp,Financial Planning & Analysis (FP&A),System Administrator,881-288-4786,Employee Resource Group (ERG) Leadership Committee
104,Stanley,Bumphries,Stanley.Bumphries@example.corp,Employee Relations,System Administrator,261-195-5236,LGBTQ+ Alliance
105,Ange,Boles,Ange.Boles@example.corp,Product Marketing,Data Scientist,216-859-9869,Asian Pacific Islander Heritage Group
106,Alyssa,Armes,Alyssa.Armes@example.corp,Compensation & Benefits,Corporate Development Manager,642-855-9938,Working Parents Group
107,Priscella,Occleshaw,Priscella.Occleshaw@example.corp,Compensation & Benefits,Project Manager,949-172-3738,Veterans Network
108,Trudy,Bolzmann,Trudy.Bolzmann@example.corp,IT Support,Account Executive,161-256-8928,Diversity & Inclusion Council
109,Lucais,Munkton,Lucais.Munkton@example.corp,Corporate Finance,Wealth Management Advisor,210-814-1016,People with Disabilities Advocacy Group
110,Britta,Scapelhorn,Britta.Scapelhorn@example.corp,Enterprise Sales,Risk Analyst,556-532-2547,Diversity & Inclusion Council
111,Blayne,Shippam,Blayne.Shippam@example.corp,Business Development,Market Testing Specialist,202-883-6500,Latinx Employee Resource Group
112,Sibylla,Orteu,Sibylla.Orteu@example.corp,IT Support,Tax Specialist,702-379-4174,LGBTQ+ Alliance
113,Darwin,Haddick,Darwin.Haddick@example.corp,Corporate Governance,Chief Marketing Officer (CMO),344-404-1755,Allyship in Action Group
114,Buiron,Basek,Buiron.Basek@example.corp,Learning & Development,Market Testing Specialist,852-108-3337,Employee Resource Group (ERG) Leadership Committee
115,Misty,Buxcy,Misty.Buxcy@example.corp,"Diversity, Equity, and Inclusion (DEI)",Tax Specialist,925-634-6260,Working Parents Group
116,Bernita,Malamore,Bernita.Malamore@example.corp,Digital Marketing,Chief Technology Officer (CTO),178-758-4807,Latinx Employee Resource Group
117,Alaine,Noirel,Alaine.Noirel@example.corp,Market Testing,Business Development Manager,878-152-6774,Women in Leadership Network
118,Conrado,Kelson,Conrado.Kelson@example.corp,Prototyping,Wealth Management Advisor,994-864-2469,Employee Resource Group (ERG) Leadership Committee
119,Sarah,Parchment,Sarah.Parchment@example.corp,Product Research,Data Scientist,279-428-7469,Allyship in Action Group
120,Janeta,Adds,Janeta.Adds@example.corp,Corporate Finance,Competitive Intelligence Analyst,750-131-4201,Veterans Network
121,Blinni,Zettler,Blinni.Zettler@example.corp,Recruitment,Account Executive,977-561-1557,Mental Health & Wellness Community
122,Adriane,Schoenleiter,Adriane.Schoenleiter@example.corp,Product Marketing,Technical Innovation Lead,115-933-0917,Mental Health & Wellness Community
123,Boris,Christene,Boris.Christene@example.corp,Enterprise Sales,Recruitment Specialist,594-539-0109,Working Parents Group
124,Emilee,Rotherham,Emilee.Rotherham@example.corp,Logistics & Supply Chain,AI/ML Engineer,476-545-0528,Asian Pacific Islander Heritage Group
125,Nadeen,Vreiberg,Nadeen.Vreiberg@example.corp,Corporate Finance,Data Scientist,171-660-3732,Veterans Network
126,Georgi,Sheaber,Georgi.Sheaber@example.corp,Quality Assurance,Corporate Accountant,441-805-9311,Young Professionals Network
127,Doti,Ducham,Doti.Ducham@example.corp,Client Success,Quality Assurance Analyst,974-397-0460,Black Professionals Network
128,Angelita,Olligan,Angelita.Olligan@example.corp,Market Research,Product Research Analyst,385-472-1109,Veterans Network
129,Gertie,Tunsley,Gertie.Tunsley@example.corp,Corporate Finance,Quality Assurance Analyst,902-491-0465,Veterans Network
130,Enrica,Saddington,Enrica.Saddington@example.corp,Contracts,Marketing Manager,826-947-8633,Religious Diversity Network
131,Janeen,Gildroy,Janeen.Gildroy@example.corp,Tax,Treasury Analyst,646-761-7667,Women in Leadership Network
132,Willa,Monan,Willa.Monan@example.corp,Risk Management,Content Marketing Manager,475-835-7926,Veterans Network
133,Noak,Boater,Noak.Boater@example.corp,Cloud Infrastructure,Cybersecurity Analyst,696-597-2180,Allyship in Action Group
134,Shelly,Jedraszczyk,Shelly.Jedraszczyk@example.corp,Client Success,Contracts Manager,262-616-3402,Religious Diversity Network
135,Jacinta,Sparshett,Jacinta.Sparshett@example.corp,Learning & Development,Corporate Lawyer,985-137-8304,Working Parents Group
136,Cedric,Loines,Cedric.Loines@example.corp,Intellectual Property,Competitive Intelligence Analyst,591-870-3235,Asian Pacific Islander Heritage Group
137,Shea,Canning,Shea.Canning@example.corp,Financial Planning & Analysis (FP&A),Content Marketing Manager,166-298-1889,People with Disabilities Advocacy Group
138,Libbey,Heustace,Libbey.Heustace@example.corp,Customer Service,Chief Financial Officer (CFO),958-285-5580,Latinx Employee Resource Group
139,Shepperd,Kanzler,Shepperd.Kanzler@example.corp,Tax,Vice President of Human Resources,943-834-3081,Multicultural Employee Group
140,Corbet,Cairns,Corbet.Cairns@example.corp,Business Development,Vice President of Finance,229-530-0588,Young Professionals Network
141,Thain,Nelson,Thain.Nelson@example.corp,Intellectual Property,Customer Service Manager,246-946-5085,Religious Diversity Network
142,Letty,Harlow,Letty.Harlow@example.corp,Competitive Analysis,R&D Manager,655-948-1357,Employee Resource Group (ERG) Leadership Committee
143,Thibaud,Osmint,Thibaud.Osmint@example.corp,Account Management,Brand Manager,666-347-4684,Women in Leadership Network
144,Vince,Grabeham,Vince.Grabeham@example.corp,Digital Marketing,DevOps Engineer,346-376-0229,Women in Leadership Network
145,Brett,Addis,Brett.Addis@example.corp,Employee Relations,Corporate Lawyer,479-320-3359,Sustainability & Environmental Justice Group
146,Say,Grodden,Say.Grodden@example.corp,Compliance,Chief Operating Officer (COO),295-219-1938,LGBTQ+ Alliance
147,Alphonse,Riccetti,Alphonse.Riccetti@example.corp,Intellectual Property,Project Manager,784-926-8540,Sustainability & Environmental Justice Group
148,Ronna,Tallet,Ronna.Tallet@example.corp,Market Testing,AI/ML Engineer,987-130-4680,Latinx Employee Resource Group
149,Victor,Moseley,Victor.Moseley@example.corp,Business Development,Chief Human Resources Officer (CHRO),904-983-4923,Employee Resource Group (ERG) Leadership Committee
150,Lillis,Novik,Lillis.Novik@example.corp,Project Management,Cybersecurity Analyst,926-665-2824,Veterans Network
151,Annetta,Gilliam,Annetta.Gilliam@example.corp,Market Research,Mergers & Acquisitions Analyst,630-185-5628,Working Parents Group
152,Lief,Veazey,Lief.Veazey@example.corp,Product Marketing,Customer Service Manager,667-809-6684,Asian Pacific Islander Heritage Group
153,Tammara,Ingraham,Tammara.Ingraham@example.corp,Treasury,Mergers & Acquisitions Analyst,393-852-2974,Employee Resource Group (ERG) Leadership Committee
154,Morlee,Badcock,Morlee.Badcock@example.corp,Market Testing,Vice President of Technology,424-354-9570,People with Disabilities Advocacy Group
155,Hayley,Badcock,Hayley.Badcock@example.corp,Enterprise Sales,Contracts Manager,831-636-4509,Allyship in Action Group
156,Clementius,Kalewe,Clementius.Kalewe@example.corp,Risk Management,Digital Marketing Specialist,541-312-5442,Multicultural Employee Group
157,Jobi,Holby,Jobi.Holby@example.corp,Market Testing,Client Success Manager,747-305-1060,Working Parents Group
158,Nichole,Gatrill,Nichole.Gatrill@example.corp,Corporate Development,Tax Specialist,753-902-2194,Sustainability & Environmental Justice Group
159,Sofia,Sainsbury,Sofia.Sainsbury@example.corp,Market Research,Brand Manager,258-584-9151,Diversity & Inclusion Council
160,Desi,Mirrlees,Desi.Mirrlees@example.corp,Product Research,Compensation & Benefits Analyst,644-805-7664,Women in Leadership Network
161,Darren,Gudd,Darren.Gudd@example.corp,Technical Innovation,Data Scientist,747-529-5984,Black Professionals Network
162,Nichole,Speke,Nichole.Speke@example.corp,Mergers & Acquisitions (M&A),Product Manager,605-198-5073,Young Professionals Network
163,Noreen,Claffey,Noreen.Claffey@example.corp,Project Management,Human Resources Manager,206-427-0517,LGBTQ+ Alliance
164,Saraann,Addlestone,Saraann.Addlestone@example.corp,Market Research,Cybersecurity Analyst,394-342-1759,Veterans Network
165,Jenifer,Amy,Jenifer.Amy@example.corp,Risk Management,Vice President of Operations,273-206-7483,People with Disabilities Advocacy Group
166,Chelsy,Swiggs,Chelsy.Swiggs@example.corp,Product Research,Sales Representative,270-731-1877,Working Parents Group
167,Nada,Coutthart,Nada.Coutthart@example.corp,Mergers & Acquisitions (M&A),Scrum Master,800-735-2290,Mental Health & Wellness Community
168,Violetta,Bernasek,Violetta.Bernasek@example.corp,Data Science & AI,Cybersecurity Analyst,886-595-4303,Black Professionals Network
169,Cathyleen,Rottger,Cathyleen.Rottger@example.corp,Recruitment,Treasury Analyst,116-985-6833,Working Parents Group
170,Caresa,Jenkison,Caresa.Jenkison@example.corp,Enterprise Sales,Business Development Manager,707-596-7773,Employee Resource Group (ERG) Leadership Committee
171,Juliet,Scarff,Juliet.Scarff@example.corp,Digital Marketing,Compliance Officer,229-301-6888,Allyship in Action Group
172,Lucie,Abrahami,Lucie.Abrahami@example.corp,IT Support,Risk Analyst,912-483-5680,Working Parents Group
173,Eduino,Everton,Eduino.Everton@example.corp,Competitive Analysis,Customer Support Specialist,986-634-9299,Multicultural Employee Group
174,Chelsae,Markos,Chelsae.Markos@example.corp,Product Research,Treasury Analyst,983-948-3227,Mental Health & Wellness Community
175,Leigha,Bozier,Leigha.Bozier@example.corp,Compliance,Product Manager,178-678-4196,Veterans Network
176,Simon,Mainz,Simon.Mainz@example.corp,Mergers & Acquisitions (M&A),Cybersecurity Analyst,991-915-6623,People with Disabilities Advocacy Group
177,Mable,Guidotti,Mable.Guidotti@example.corp,Competitive Analysis,Executive Assistant,915-652-5279,Allyship in Action Group
178,Michell,Bruckner,Michell.Bruckner@example.corp,Logistics & Supply Chain,Content Marketing Manager,615-294-0339,Diversity & Inclusion Council
179,Glennis,Coalbran,Glennis.Coalbran@example.corp,Market Research,Regulatory Affairs Specialist,479-846-6062,Working Parents Group
180,Nicky,Pedden,Nicky.Pedden@example.corp,Market Testing,Business Development Manager,203-130-5463,Asian Pacific Islander Heritage Group
181,Nevin,Harbard,Nevin.Harbard@example.corp,Digital Marketing,IT Support Specialist,839-554-8895,Religious Diversity Network
182,Sax,McCathy,Sax.McCathy@example.corp,Data Science & AI,Wealth Management Advisor,976-757-4149,Young Professionals Network
183,Eddie,Saw,Eddie.Saw@example.corp,"Diversity, Equity, and Inclusion (DEI)",R&D Manager,738-354-8433,Latinx Employee Resource Group
184,Anna-diana,Durnan,Anna-diana.Durnan@example.corp,Compensation & Benefits,Recruitment Specialist,928-482-1290,Black Professionals Network
185,Willie,Mirando,Willie.Mirando@example.corp,Cybersecurity,Compliance Officer,922-465-3435,LGBTQ+ Alliance
186,Matteo,Shields,Matteo.Shields@example.corp,Market Research,Sales Manager,847-637-1098,Diversity & Inclusion Council
187,Kelly,McNeigh,Kelly.McNeigh@example.corp,Corporate Finance,Corporate Development Manager,287-949-0460,People with Disabilities Advocacy Group
188,Claude,Jenoure,Claude.Jenoure@example.corp,Product Development,Cloud Architect,402-780-1240,Religious Diversity Network
189,Thomasina,Rowney,Thomasina.Rowney@example.corp,Employee Relations,Chief Financial Officer (CFO),456-377-0973,Latinx Employee Resource Group
190,Desiree,Cordova,Desiree.Cordova@example.corp,Product Development,Chief Operating Officer (COO),470-817-3722,LGBTQ+ Alliance
191,Gwyneth,Ugolini,Gwyneth.Ugolini@example.corp,Public Relations,Employee Relations Specialist,419-428-1883,Young Professionals Network
192,Clerc,Pilbury,Clerc.Pilbury@example.corp,Competitive Analysis,Regulatory Affairs Specialist,104-771-2601,Women in Leadership Network
193,Anders,Higginbottam,Anders.Higginbottam@example.corp,Market Research,IT Support Specialist,110-290-5622,Employee Resource Group (ERG) Leadership Committee
194,Jemmy,Doddridge,Jemmy.Doddridge@example.corp,Recruitment,Vice President of Marketing,251-743-0742,Multicultural Employee Group
195,Harlan,Rollinson,Harlan.Rollinson@example.corp,Market Testing,Chief Financial Officer (CFO),185-863-5427,Working Parents Group
196,Algernon,Camamill,Algernon.Camamill@example.corp,Wealth Management,Technical Innovation Lead,853-333-8568,Mental Health & Wellness Community
197,Esta,Mardall,Esta.Mardall@example.corp,Risk Management,Brand Manager,453-187-9665,Veterans Network
198,Stephine,Lampke,Stephine.Lampke@example.corp,Product Marketing,Chief Operating Officer (COO),590-190-2396,Young Professionals Network
199,Alwin,Farlowe,Alwin.Farlowe@example.corp,Prototyping,Chief Financial Officer (CFO),718-539-0904,Asian Pacific Islander Heritage Group
200,Teressa,Halston,Teressa.Halston@example.corp,Digital Marketing,Corporate Lawyer,689-942-4610,Multicultural Employee Group
